product_category,sales_amount,order_count,avg_order_value
Bedroom,516730.84,317,1624.939748427673
Living Room,483166.13,333,1450.9493393393393
Kitchen,480646.75,320,1492.6917701863354
Outdoor,378300.86,338,1119.2333136094674
Dining Room,342392.3,301,1130.0075907590758
Office,295662.96,324,912.5400000000001
